{"rmse": 369.379744621475, "mean": 361.3243803547912, "median": 341.2856016536016, "std": 76.72084395946345, "min": 272.6286014654726, "max": 553.3239267511055, "sse": 8732249.327144071}