,rmse,mean,median,std,min,max,sse
stamped_traj_estimate.txt,195.4353809632683,172.5138465500452,163.53578259277361,91.83659880878248,5.925711031027916,515.0516911461312,3819498.8132257815
